{
    "uvs":[],
    "vertices":[0.280172,-0.767054,0.866016,0.280172,1.23295,-1.13398,0.936526,-0.767054,0.866016,0.936526,1.23295,-1.13398,0.280172,0.232946,0.866016,0.280172,1.23295,-0.133984,0.280172,0.232946,-1.13398,0.280172,-0.767054,-0.133984,0.608349,1.23295,-1.13398,0.936526,0.232946,-1.13398,0.936526,1.23295,-0.133984,0.936526,0.232946,0.866016,0.936526,-0.767054,-0.133984,0.608349,-0.767054,0.866016,0.608349,1.23295,-0.133984,0.608349,-0.767054,-0.133984,0.608349,0.232946,0.866016,0.936526,0.232946,-0.133984,0.608349,0.232946,-1.13398,0.280172,0.232946,-0.133984,0.280172,0.732946,0.866016,0.280172,1.23295,-0.633984,0.280172,-0.267054,-1.13398,0.280172,-0.767054,0.366016,0.772437,1.23295,-1.13398,0.936526,-0.267054,-1.13398,0.936526,1.23295,0.366016,0.936526,-0.267054,0.866016,0.936526,-0.767054,-0.633984,0.772437,-0.767054,0.866016,0.280172,-0.267054,0.866016,0.280172,1.23295,0.366016,0.280172,0.732946,-1.13398,0.280172,-0.767054,-0.633984,0.44426,1.23295,-1.13398,0.936526,0.732946,-1.13398,0.936526,1.23295,-0.633984,0.936526,0.732946,0.866016,0.936526,-0.767054,0.366016,0.44426,-0.767054,0.866016,0.44426,1.23295,-0.133984,0.772437,1.23295,-0.133984,0.608349,1.23295,0.366016,0.608349,1.23295,-0.633984,0.772437,-0.767054,-0.133984,0.44426,-0.767054,-0.133984,0.608349,-0.767054,0.366016,0.608349,-0.767054,-0.633984,0.608349,-0.267054,0.866016,0.608349,0.732946,0.866016,0.772437,0.232946,0.866016,0.44426,0.232946,0.866016,0.936526,-0.267054,-0.133984,0.936526,0.732946,-0.133984,0.936526,0.232946,-0.633984,0.936526,0.232946,0.366016,0.608349,-0.267054,-1.13398,0.608349,0.732946,-1.13398,0.44426,0.232946,-1.13398,0.772437,0.232946,-1.13398,0.280172,-0.267054,-0.133984,0.280172,0.732946,-0.133984,0.280172,0.232946,0.366016,0.280172,0.232946,-0.633984,0.280172,0.732946,-0.633984,0.280172,0.732946,0.366016,0.280172,-0.267054,0.366016,0.772437,0.732946,-1.13398,0.44426,0.732946,-1.13398,0.44426,-0.267054,-1.13398,0.936526,0.732946,0.366016,0.936526,0.732946,-0.633984,0.936526,-0.267054,-0.633984,0.44426,0.732946,0.866016,0.772437,0.732946,0.866016,0.772437,-0.267054,0.866016,0.44426,-0.767054,-0.633984,0.44426,-0.767054,0.366016,0.772437,-0.767054,0.366016,0.772437,1.23295,-0.633984,0.772437,1.23295,0.366016,0.44426,1.23295,0.366016,0.44426,1.23295,-0.633984,0.772437,-0.767054,-0.633984,0.44426,-0.267054,0.866016,0.936526,-0.267054,0.366016,0.772437,-0.267054,-1.13398,0.280172,-0.267054,-0.633984],
    "metadata":{
        "uvs":0,
        "type":"Geometry",
        "version":3,
        "vertices":88,
        "normals":32,
        "generator":"io_three",
        "faces":84
    },
    "name":"Cube.001Geometry",
    "normals":[-0.904508,-0.301492,0.301492,-0.707083,0.707083,0,-0.577349,0.577349,-0.577349,-0.707083,0,-0.707083,0.577349,0.577349,-0.577349,0.707083,0,-0.707083,0,0,-1,0,0.707083,-0.707083,0,-1,0,0.707083,-0.707083,0,0.577349,-0.577349,0.577349,0,-0.707083,0.707083,0.577349,-0.577349,-0.577349,0,1,0,-0.904508,0.301492,0.301492,-0.577349,0.577349,0.577349,-0.904508,-0.301492,-0.301492,-0.577349,-0.577349,-0.577349,0,0,1,-0.707083,0,0.707083,0.904508,-0.301492,0.301492,0.707083,0.707083,0,0.904508,-0.301492,-0.301492,0.904508,0.301492,0.301492,1,0,0,0.904508,0.301492,-0.301492,0.707083,0,0.707083,-0.577349,-0.577349,0.577349,0.577349,0.577349,0.577349,-1,0,0,-0.707083,-0.707083,0,-0.904508,0.301492,-0.301492],
    "faces":[33,85,38,2,27,0,1,2,3,33,0,30,84,39,4,5,6,7,33,82,21,1,34,8,9,10,11,33,81,31,5,40,8,12,9,8,33,80,42,14,41,8,8,8,8,33,79,43,8,24,8,8,11,11,33,78,38,12,44,13,1,1,13,33,77,46,15,45,13,13,13,13,33,75,29,13,48,6,7,7,6,33,74,50,16,49,6,6,6,6,33,73,51,4,20,6,6,5,12,33,72,28,12,52,14,15,1,16,33,70,55,11,37,16,14,3,17,33,68,58,18,57,18,18,18,18,33,67,59,9,35,18,18,19,19,33,66,23,7,60,20,21,21,22,33,65,62,19,61,22,23,24,23,33,64,63,6,32,25,22,26,26,33,5,61,64,21,9,23,25,9,33,21,64,32,1,9,25,26,10,33,20,4,62,65,12,5,23,22,33,31,65,61,5,12,22,23,9,33,30,0,23,66,5,4,21,20,33,4,30,66,62,5,5,20,23,33,57,18,59,67,18,18,18,18,33,8,57,67,24,11,18,18,11,33,24,67,35,3,11,18,19,27,33,32,6,58,68,26,26,18,18,33,1,32,68,34,10,26,18,11,33,34,68,57,8,11,18,18,11,33,6,22,69,58,26,28,18,18,33,58,69,56,18,18,18,18,18,33,53,17,55,70,14,29,14,16,33,10,53,70,26,30,14,16,17,33,35,9,54,71,19,19,16,31,33,3,35,71,36,27,19,31,30,33,36,71,53,10,30,31,14,30,33,9,25,72,54,19,15,14,16,33,54,72,52,17,16,14,16,29,33,49,16,51,73,6,6,6,6,33,37,11,50,74,17,3,6,6,33,37,20,65,70,17,12,22,16,33,65,31,26,70,22,12,17,16,33,27,2,29,75,3,2,7,6,33,11,27,75,50,3,3,6,6,33,50,75,48,16,6,6,6,6,33,45,15,47,76,13,13,13,13,33,7,45,76,33,21,13,13,28,33,39,13,46,77,7,7,13,13,33,0,39,77,23,4,7,13,21,33,23,77,45,7,21,13,13,21,33,29,2,38,78,7,2,1,13,33,13,29,78,46,7,7,13,13,33,46,78,44,15,13,13,13,13,33,41,14,43,79,8,8,8,8,33,10,41,79,36,30,8,8,30,33,36,79,24,3,30,8,11,27,33,26,80,41,10,17,8,8,30,33,42,81,40,14,8,8,8,8,33,40,5,21,82,8,9,9,8,33,14,40,82,43,8,8,8,8,33,43,82,34,8,8,8,11,11,33,44,12,28,83,13,1,15,13,33,15,44,83,47,13,13,13,13,33,28,72,87,33,15,14,23,28,33,48,13,39,84,6,7,7,6,33,16,48,84,51,6,6,6,6,33,51,84,30,4,6,6,5,5,33,52,12,38,85,16,1,1,0,33,55,85,27,11,14,0,3,3,33,72,25,22,87,14,15,28,23,33,18,56,86,59,18,18,18,18,33,59,86,25,9,18,18,15,19,33,60,7,33,87,22,21,28,23,33,19,60,87,63,24,22,23,22,33,63,87,22,6,22,23,28,26,33,17,53,61,19,29,14,23,24,33,64,61,53,71,25,23,14,31,33,63,64,71,54,22,25,31,16,33,63,54,17,19,22,16,29,24,33,60,52,85,66,22,16,0,20,33,66,85,55,62,20,0,14,23,33,62,55,17,19,23,14,29,24,33,19,17,52,60,24,29,16,22]
}