{
    "normals":[-0.727775,-0.682852,-0.063265,0,-0.561602,0.827387,-0.927152,0.292856,0.233619,-0.001373,-0.379315,-0.92523,-0.88583,-0.160985,0.435102,-0.71511,0.454482,-0.531053,0.927335,0.292276,0.23368,0.7275,-0.683126,-0.06354,0.542833,0.262398,0.797784,0.000244,0.688742,-0.724967,0.712912,0.45674,-0.53206,0,0.990326,-0.138646,0.864834,0.489639,-0.110752,0.542436,0.82223,-0.172185,-0.864864,0.489608,-0.11063,-9.2e-05,0.737205,0.675649,-0.539048,0.264046,0.799799,0.887265,-0.1648,0.430769,-0.001831,-0.962279,0.27195,0.879665,0.329356,-0.342998,0.584613,0.493362,-0.644002,0.723777,0.557756,-0.406171,-0.582507,0.493362,-0.645924,-0.881649,0.325846,-0.341258,-0.718345,0.557054,-0.416669,0.003021,0.892697,-0.450575,-0.543809,0.821223,-0.172643,0.642323,-0.229896,0.731101,-0.001587,-0.992645,-0.120945,-0.646168,-0.234138,0.726341],
    "metadata":{
        "normals":30,
        "version":3,
        "type":"Geometry",
        "generator":"io_three",
        "vertices":30,
        "uvs":1,
        "faces":56
    },
    "faces":[40,3,14,2,0,1,2,0,1,2,40,11,8,17,3,4,5,3,4,5,40,1,0,13,6,7,8,6,7,8,40,1,13,14,9,10,11,6,8,1,40,29,16,11,12,13,14,9,10,3,40,27,4,9,15,16,17,11,12,13,40,4,0,9,18,19,20,12,7,13,40,27,6,5,15,21,22,11,14,15,40,3,12,6,23,24,25,0,16,14,40,13,5,12,26,27,28,8,15,16,40,7,11,16,29,30,31,17,3,10,40,26,8,11,32,33,34,18,4,3,40,4,5,13,18,35,36,12,15,8,40,2,12,3,37,38,39,2,16,0,40,14,12,2,40,28,41,1,16,2,40,13,12,14,26,28,40,8,16,1,40,0,1,14,42,43,1,7,6,1,40,3,0,14,0,42,1,0,7,1,40,9,7,15,44,29,45,13,17,19,40,7,16,15,29,31,45,17,10,19,40,0,4,13,19,18,36,7,12,8,40,19,16,29,46,47,48,20,10,9,40,12,5,6,24,49,25,16,15,14,40,15,16,19,45,31,50,19,10,20,40,15,19,20,45,50,51,19,20,21,40,22,18,21,52,53,54,22,23,24,40,9,20,28,55,56,57,13,21,25,40,9,15,20,44,45,51,13,19,21,40,28,20,19,58,59,46,25,21,20,40,17,18,22,5,53,52,5,23,22,40,18,10,21,53,60,54,23,26,24,40,3,6,10,23,25,61,0,14,26,40,24,0,25,62,42,63,27,7,28,40,8,10,18,4,60,53,4,26,23,40,8,18,17,4,53,5,4,23,5,40,23,3,10,64,65,66,29,0,26,40,24,7,9,62,67,68,27,17,13,40,0,24,9,42,62,68,7,27,13,40,8,23,10,69,64,66,4,29,26,40,25,23,26,63,70,71,28,29,18,40,7,26,11,72,32,34,17,18,3,40,24,25,26,62,63,71,27,28,18,40,7,24,26,67,62,71,17,27,18,40,23,8,26,70,73,71,29,4,18,40,0,3,25,42,0,63,7,0,28,40,3,23,25,0,70,63,0,29,28,40,27,9,10,15,17,74,11,13,26,40,6,27,10,21,15,74,14,11,26,40,4,27,5,16,15,22,12,11,15,40,21,10,28,75,76,57,24,26,25,40,10,9,28,76,55,57,26,13,25,40,21,28,22,77,58,78,24,25,22,40,28,19,22,58,46,78,25,20,22,40,17,22,29,79,78,48,5,22,9,40,22,19,29,78,46,48,22,20,9,40,17,29,11,80,12,14,5,9,3],
    "vertices":[0.42536,-1,-0.573777,1.99525,0.208494,1,-1.99525,0.208494,1,-0.425359,-1,-0.573777,0.085721,-0.084101,-1,-1e-06,1,1.49115,-0.08572,-0.084101,-1,0.562853,-0.596816,-1.4439,-0.557254,-0.593438,-1.4414,0.13918,-0.177755,-1.73561,-0.139179,-0.177755,-1.73561,1e-06,-0.946643,-2.83748,-0.166174,0.012243,1,0.166174,0.01554,1,0,-0.232943,1,0.110185,-0.337935,-1.96516,0.078184,-0.51472,-2.2185,-0.078173,-0.51478,-2.21859,-0.110007,-0.338913,-1.96656,0.064295,-0.377311,-2.17055,0.080941,-0.23235,-2.00834,-0.080357,-0.234476,-2.01395,-0.064117,-0.377881,-2.17137,-0.394608,-0.576783,-1.37904,0.397408,-0.57814,-1.38004,0.0014,-0.577462,-1.29427,0.002799,-0.680169,-1.56539,0,-0.084101,-1.2859,0.000292,-0.188544,-2.01114,6e-06,-0.51475,-2.27933],
    "uvs":[[0.189388,0.2558,0.445522,0.325028,0.445522,0.000298,0.960828,0.234672,0.960828,0.000298,0.917393,0.119784,0.913605,0.857627,0.657471,0.602126,0.913605,0.559943,0.947846,0.892525,0.914202,0.595085,0.947846,0.559943,0.758203,0.870948,0.758203,0.883671,0.657471,0.870891,0.856188,0.120884,0.84225,0.121485,0.828398,0.002251,0.801071,0.117988,0.637259,0.132042,0.827802,0.000298,0.870126,0.120283,0.873659,0.525946,0.446119,0.132042,0.513055,0.429136,0.609932,0.117988,0.027917,0.684296,0.186821,0.650354,0.047363,0.734772,0.444181,0.650354,0.444181,0.884199,0.400528,0.769375,0.272011,0.684301,0.187418,0.718247,0.356603,0.894963,0.827802,0.559346,0.704699,0.42932,0.656874,0.921725,0.446119,0.71149,0.656874,0.559943,0.000298,0.724347,0.186821,0.999702,0.189388,0.394256,0.445522,0.649758,0.366472,0.679796,0.382661,0.722378,0.877173,0.461483,0.875063,0.483861,0.887786,0.48378,0.636662,0.559346,0.380738,0.756361,0.3572,0.723233,0.897678,0.106868,0.899705,0.072998,0.874256,0.074516,0.804101,0.903527,0.759713,0.894049,0.759257,0.880923,0.887383,0.430691,0.874256,0.430606,0.883497,0.030125,0.636662,0.000298,0.118581,0.405445,0.118683,0.325256,0.901564,0.301256,0.928872,0.235269,0.928872,0.43001,0.047774,0.416633,0.000298,0.34768,0.874256,0.367243,0.118784,0.245067,0.047977,0.325484,0.356603,0.650354,0.048181,0.234334,0.873659,0.000298,0.7588,0.867797,0.804101,0.858224,0.900509,0.430776,0.898072,0.461435,0.900509,0.4837,0.758203,0.858224]],
    "name":"CubeGeometry.1"
}